"Drug_brand_name"	"FDA_NAME"	"FDA_BRANDNAME"	"ChEMBL_pref_name"	"Properties"	"chembl_id"	"relation"	"diseaseid"	"modified_indication"	"disease_name"	"indication_to_cui_relationship"	"target_organism"	"target_type"	"geneid"	"Symbol"	"mechanism_of_action"	"manual"	"Indication"
"Rozanolixizumab (Rystiggo)"	"ROZANOLIXIZUMAB"	"RYSTIGGO"	"ROZANOLIXIZUMAB"	"FcRn-targeted mAb"	"CHEMBL4297820"	"exact"	"C0751339"	"generalized myasthenia gravis"	"Myasthenia Gravis, Generalized"	"FALSE"	"Homo sapiens"	"PROTEIN"	2217	"FCGRT"	"IgG receptor FcRn large subunit p51 inhibitor"		"AChR- or MuSK-antibody-positive gMG"
"Zilucoplan (Zilbrysq)"	"ZILUCOPLAN"	"ZILBRYSQ"	"ZILUCOPLAN"	"Complement C5 inhibitor"	"CHEMBL4298207"	"exact"	"C0751339"	"generalized myasthenia gravis"	"Myasthenia Gravis, Generalized"	"FALSE"	"Homo sapiens"	"PROTEIN"	727	"C5"	"Complement C5 inhibitor"		"AChR-antibody positive gMG"
"Leniolisib (Joenja)"	"LENIOLISIB"	"JOENJA"	"LENIOLISIB"	"PI3Kδ inhibitor"	"CHEMBL3643413"	"exact"	"C3714976"	"activated pi3k-delta syndrome"	"ACTIVATED PI3K-DELTA SYNDROME"	"TRUE"	"Homo sapiens"	"PROTEIN"	5293	"PIK3CD"	"PI3-kinase p110-delta subunit inhibitor"		"Activated PI3Kδ syndrome"
"Leniolisib (Joenja)"	"LENIOLISIB"	"JOENJA"	"LENIOLISIB PHOSPHATE"	"PI3Kδ inhibitor"	"CHEMBL3989909"	"child"	"C3714976"	"activated pi3k-delta syndrome"	"ACTIVATED PI3K-DELTA SYNDROME"	"TRUE"	"Homo sapiens"	"PROTEIN"	5293	"PIK3CD"	"PI3-kinase p110-delta subunit inhibitor"		"Activated PI3Kδ syndrome"
"Ritlecitinib (Litfulo)"	"RITLECITINIB"	"LITFULO"	"RITLECITINIB"	"JAK3 inhibitor"	"CHEMBL4085457"	"exact"	"C0002170"	"Alopecia areata"	"Alopecia"	"TRUE"	"Homo sapiens"	"PROTEIN"	"3718; 7294; 7006; 3702; 695; 660"	"JAK3; TXK; TEC; ITK; BTK; BMX"	"Tyrosine-protein kinase JAK3 inhibitor; TEC family kinase inhibitor"		"Alopecia areata"
"Ritlecitinib (Litfulo)"	"RITLECITINIB"	"LITFULO"	"RITLECITINIB"	"JAK3 inhibitor"	"CHEMBL4085457"	"exact"	"C0002171"	"Alopecia areata"	"Alopecia Areata"	"TRUE"	"Homo sapiens"	"PROTEIN"	"3718; 7294; 7006; 3702; 695; 660"	"JAK3; TXK; TEC; ITK; BTK; BMX"	"Tyrosine-protein kinase JAK3 inhibitor; TEC family kinase inhibitor"		"Alopecia areata"
"Ritlecitinib (Litfulo)"	"RITLECITINIB"	"LITFULO"	"RITLECITINIB TOSYLATE"	"JAK3 inhibitor"	"CHEMBL5314649"	"child"	"C0002170"	"Alopecia areata"	"Alopecia"	"TRUE"	"Homo sapiens"	"PROTEIN"	"3718; 7294; 7006; 3702; 695; 660"	"JAK3; TXK; TEC; ITK; BTK; BMX"	"Tyrosine-protein kinase JAK3 inhibitor; TEC family kinase inhibitor"		"Alopecia areata"
"Ritlecitinib (Litfulo)"	"RITLECITINIB"	"LITFULO"	"RITLECITINIB TOSYLATE"	"JAK3 inhibitor"	"CHEMBL5314649"	"child"	"C0002171"	"Alopecia areata"	"Alopecia Areata"	"TRUE"	"Homo sapiens"	"PROTEIN"	"3718; 7294; 7006; 3702; 695; 660"	"JAK3; TXK; TEC; ITK; BTK; BMX"	"Tyrosine-protein kinase JAK3 inhibitor; TEC family kinase inhibitor"		"Alopecia areata"
"Lecanemab (Leqembi)"	"LECANEMAB"	"LEQEMBI"	"LECANEMAB"	"Amyloid-β-targeted mAb"	"CHEMBL3833321"	"exact"	"C0002395"	"Alzheimer disease"	"Alzheimer's Disease"	"TRUE"	"Homo sapiens"	"PROTEIN"	351	"APP"	"Beta amyloid A4 protein inhibitor"		"Alzheimer disease"
"Quizartinib (Vanflyta)"	"QUIZARTINIB"	"VANFLYTA"	"QUIZARTINIB DIHYDROCHLORIDE"	"FLT3 kinase inhibitor"	"CHEMBL2105709"	"child"	"C0023467"	"Acute Myeloid Leukemia"	"Leukemia, Myelocytic, Acute"	"TRUE"	"Homo sapiens"	"PROTEIN"	"3815; 2322; 1436; 5979; 5156; 5159"	"KIT; FLT3; CSF1R; RET; PDGFRA; PDGFRB"	"Stem cell growth factor receptor inhibitor; Tyrosine-protein kinase receptor FLT3 inhibitor; Macrophage colony stimulating factor receptor inhibitor; Tyrosine-protein kinase receptor RET inhibitor; Platelet-derived growth factor receptor inhibitor"		"AML"
"Quizartinib (Vanflyta)"	"QUIZARTINIB"	"VANFLYTA"	"QUIZARTINIB"	"FLT3 kinase inhibitor"	"CHEMBL576982"	"exact"	"C0023467"	"Acute Myeloid Leukemia"	"Leukemia, Myelocytic, Acute"	"TRUE"	"Homo sapiens"	"PROTEIN"	"3815; 2322; 1436; 5979; 5156; 5159"	"KIT; FLT3; CSF1R; RET; PDGFRA; PDGFRB"	"Stem cell growth factor receptor inhibitor; Tyrosine-protein kinase receptor FLT3 inhibitor; Macrophage colony stimulating factor receptor inhibitor; Tyrosine-protein kinase receptor RET inhibitor; Platelet-derived growth factor receptor inhibitor"		"AML"
"Daprodustat (Jesduvroq)"	"DAPRODUSTAT"	"JESDUVROQ"	"DAPRODUSTAT"	"HIF-PH inhibitor"	"CHEMBL3544988"	"exact"	"C0002871"	"anaemia"	"Anemia"	"FALSE"	"Homo sapiens"	"PROTEIN"	"54583; 112399; 54681; 112398"	"EGLN1; EGLN3; P4HTM; EGLN2"	"Hypoxia-inducible factor prolyl hydroxylase inhibitor"		"Anaemia caused by CKD for adults on dialysis"
"Daprodustat (Jesduvroq)"	"DAPRODUSTAT"	"JESDUVROQ"	"DAPRODUSTAT"	"HIF-PH inhibitor"	"CHEMBL3544988"	"exact"	"C1561643"	"ckd"	"Chronic Kidney Diseases"	"FALSE"	"Homo sapiens"	"PROTEIN"	"54583; 112399; 54681; 112398"	"EGLN1; EGLN3; P4HTM; EGLN2"	"Hypoxia-inducible factor prolyl hydroxylase inhibitor"		"Anaemia caused by CKD for adults on dialysis"
"Capivasertib (Truqap)"	"CAPIVASERTIB"	"TRUQAP"	"CAPIVASERTIB"	"AKT kinase inhibitor"	"CHEMBL2325741"	"exact"	"C0006142"	"Breast cancer"	"Malignant neoplasm of breast"	"TRUE"	"Homo sapiens"	"PROTEIN"	"10000; 207; 208"	"AKT3; AKT1; AKT2"	"Serine/threonine-protein kinase AKT inhibitor"		"Breast cancer"
"Capivasertib (Truqap)"	"CAPIVASERTIB"	"TRUQAP"	"CAPIVASERTIB"	"AKT kinase inhibitor"	"CHEMBL2325741"	"exact"	"C0678222"	"Breast cancer"	"Breast Carcinoma"	"TRUE"	"Homo sapiens"	"PROTEIN"	"10000; 207; 208"	"AKT3; AKT1; AKT2"	"Serine/threonine-protein kinase AKT inhibitor"		"Breast cancer"
"Rezafungin (Rezzayo)"	"REZAFUNGIN"	"REZZAYO"	"REZAFUNGIN ACETATE"	"Echinocandin antifungal"	"CHEMBL3989928"	"child"	"C0153252"	"invasive candidiasis"	"Systemic candidiasis"	"TRUE"	"Candida"	"PROTEIN"	4981154	"An06g01550"	"Candida inhibitor"	"yes"	"Candidemia and invasive candidiasis"
"Rezafungin (Rezzayo)"	"REZAFUNGIN"	"REZZAYO"	"REZAFUNGIN ACETATE"	"Echinocandin antifungal"	"CHEMBL3989928"	"child"	"C0877445"	"candidemia"	"Candidemia"	"TRUE"	"Candida"	"PROTEIN"	4981154	"An06g01550"	"Candida inhibitor"	"yes"	"Candidemia and invasive candidiasis"
"Rezafungin (Rezzayo)"	"REZAFUNGIN"	"REZZAYO"	"REZAFUNGIN ACETATE"	"Echinocandin antifungal"	"CHEMBL3989928"	"child"	"C1609535"	"invasive candidiasis"	"Invasive Candidiasis"	"TRUE"	"Candida"	"PROTEIN"	4981154	"An06g01550"	"Candida inhibitor"	"yes"	"Candidemia and invasive candidiasis"
"Rezafungin (Rezzayo)"	"REZAFUNGIN"	"REZZAYO"	"REZAFUNGIN"	"Echinocandin antifungal"	"CHEMBL3989945"	"exact"	"C0153252"	"invasive candidiasis"	"Systemic candidiasis"	"TRUE"	"Candida"	"PROTEIN"	4981154	"An06g01550"	"Candida inhibitor"	"yes"	"Candidemia and invasive candidiasis"
"Rezafungin (Rezzayo)"	"REZAFUNGIN"	"REZZAYO"	"REZAFUNGIN"	"Echinocandin antifungal"	"CHEMBL3989945"	"exact"	"C0877445"	"candidemia"	"Candidemia"	"TRUE"	"Candida"	"PROTEIN"	4981154	"An06g01550"	"Candida inhibitor"	"yes"	"Candidemia and invasive candidiasis"
"Rezafungin (Rezzayo)"	"REZAFUNGIN"	"REZZAYO"	"REZAFUNGIN"	"Echinocandin antifungal"	"CHEMBL3989945"	"exact"	"C1609535"	"invasive candidiasis"	"Invasive Candidiasis"	"TRUE"	"Candida"	"PROTEIN"	4981154	"An06g01550"	"Candida inhibitor"	"yes"	"Candidemia and invasive candidiasis"
"Pozelimab (Veopoz)"	"POZELIMAB"	"VEOPOZ"	"POZELIMAB"	"C5-targeted mAb"	"CHEMBL4298086"	"exact"	"C4538570"	"chaple"	"COMPLEMENT HYPERACTIVATION, ANGIOPATHIC THROMBOSIS, AND PROTEIN-LOSING ENTEROPATHY"	"TRUE"	"Homo sapiens"	"PROTEIN"	727	"C5"	"Complement C5 inhibitor"		"CHAPLE disease"
"Fruquintinib (Fruzaqla)"	"FRUQUINTINIB"	"FRUZAQLA"	"FRUQUINTINIB"	"VEGFR1/2/3 kinase inhibitor"	"CHEMBL4303214"	"exact"	"C0009402"	"Colorectal cancer"	"Colorectal Carcinoma"	"TRUE"	"Homo sapiens"	"PROTEIN"	"2324; 3791; 2321"	"FLT4; KDR; FLT1"	"Vascular endothelial growth factor receptor inhibitor"		"Colorectal cancer"
"Fruquintinib (Fruzaqla)"	"FRUQUINTINIB"	"FRUZAQLA"	"FRUQUINTINIB"	"VEGFR1/2/3 kinase inhibitor"	"CHEMBL4303214"	"exact"	"C0346629"	"Colorectal cancer"	"Malignant neoplasm of large intestine"	"FALSE"	"Homo sapiens"	"PROTEIN"	"2324; 3791; 2321"	"FLT4; KDR; FLT1"	"Vascular endothelial growth factor receptor inhibitor"		"Colorectal cancer"
"Fruquintinib (Fruzaqla)"	"FRUQUINTINIB"	"FRUZAQLA"	"FRUQUINTINIB"	"VEGFR1/2/3 kinase inhibitor"	"CHEMBL4303214"	"exact"	"C4722085"	"Colorectal cancer"	"Malignant neoplasm of colon and/or rectum"	"TRUE"	"Homo sapiens"	"PROTEIN"	"2324; 3791; 2321"	"FLT4; KDR; FLT1"	"Vascular endothelial growth factor receptor inhibitor"		"Colorectal cancer"
"Lotilaner (Xdemvy)"	"LOTILANER"	"XDEMVY"	"LOTILANER"	"Ectoparasiticide"	"CHEMBL3707310"	"exact"	"C5780078"	"Demodex blepharitis"	"Demodex blepharitis"	"TRUE"	"Pediculus humanus"	"PROTEIN"	8239847	"Phum_PHUM616750"	"Ectoparasiticide"		"Demodex blepharitis"
"Nirogacestat (Ogsiveo)"	"NIROGACESTAT"	"OGSIVEO"	"NIROGACESTAT"	"γ-secretase inhibitor"	"CHEMBL1770916"	"exact"	"C0079218"	"Desmoid tumours"	"Fibromatosis, Aggressive"	"TRUE"	"Homo sapiens"	"PROTEIN"	"23385; 5664; 55851; 5663; 83464; 51107"	"NCSTN; PSEN2; PSENEN; PSEN1; APH1B; APH1A"	"Gamma-secretase inhibitor"		"Desmoid tumours"
"Nirogacestat (Ogsiveo)"	"NIROGACESTAT"	"OGSIVEO"	"NIROGACESTAT HYDROBROMIDE"	"γ-secretase inhibitor"	"CHEMBL4298153"	"child"	"C0079218"	"Desmoid tumours"	"Fibromatosis, Aggressive"	"TRUE"	"Homo sapiens"	"PROTEIN"	"23385; 5664; 55851; 5663; 83464; 51107"	"NCSTN; PSEN2; PSENEN; PSEN1; APH1B; APH1A"	"Gamma-secretase inhibitor"		"Desmoid tumours"
"Epcoritamab (Epkinly)"	"EPCORITAMAB"	"EPKINLY"	"EPCORITAMAB"	"CD20 × CD3 T-cell engager"	"CHEMBL4650393"	"exact"	"C0079744"	"dlbcl"	"Diffuse Large B-Cell Lymphoma"	"TRUE"	"Homo sapiens"	"PROTEIN"	"931; 915; 916; 917"	"MS4A1; CD3D; CD3E; CD3G"	"B-lymphocyte antigen CD20 binding agent; T cell surface glycoprotein CD3 binding agent"		"DLBCL and high-grade B-cell lymphoma"
"Epcoritamab (Epkinly)"	"EPCORITAMAB"	"EPKINLY"	"EPCORITAMAB"	"CD20 × CD3 T-cell engager"	"CHEMBL4650393"	"exact"	"C0456863"	"high-grade b-cell lymphoma"	"High grade B-cell lymphoma"	"TRUE"	"Homo sapiens"	"PROTEIN"	"931; 915; 916; 917"	"MS4A1; CD3D; CD3E; CD3G"	"B-lymphocyte antigen CD20 binding agent; T cell surface glycoprotein CD3 binding agent"		"DLBCL and high-grade B-cell lymphoma"
"Glofitamab (Columvi)"	"GLOFITAMAB"	"COLUMVI"	"GLOFITAMAB"	"CD20 × CD3 T-cell engager"	"CHEMBL4298092"	"exact"	"C0079744"	"dlbcl"	"Diffuse Large B-Cell Lymphoma"	"TRUE"	"Homo sapiens"	"PROTEIN"	"931; 915; 916; 917"	"MS4A1; CD3D; CD3E; CD3G"	"B-lymphocyte antigen CD20 binding agent; T cell surface glycoprotein CD3 binding agent"		"DLBCL or large B-cell lymphoma"
"Glofitamab (Columvi)"	"GLOFITAMAB"	"COLUMVI"	"GLOFITAMAB"	"CD20 × CD3 T-cell engager"	"CHEMBL4298092"	"exact"	"C5212315"	"large b-cell lymphoma"	"Large B-cell lymphoma"	"TRUE"	"Homo sapiens"	"PROTEIN"	"931; 915; 916; 917"	"MS4A1; CD3D; CD3E; CD3G"	"B-lymphocyte antigen CD20 binding agent; T cell surface glycoprotein CD3 binding agent"		"DLBCL or large B-cell lymphoma"
"Perfluorohexyloctane (Miebo)"	"PERFLUOROHEXYLOCTANE"	"MIEBO"	"PERFLUOROHEXYLOCTANE"	"Semifluorinated alkane"	"CHEMBL5314588"	"exact"	"C0013238"	"Dry eye disease"	"Dry Eye Syndromes"	"TRUE"	"Homo sapiens"	"UNKNOWN"			"Unknown"		"Dry eye disease"
"Vamorolone (Agamree)"	"VAMOROLONE"	"AGAMREE"	"VAMOROLONE"	"Corticosteroid"	"CHEMBL3707311"	"exact"	"C0013264"	"Duchenne muscular dystrophy"	"Muscular Dystrophy, Duchenne"	"TRUE"	"Homo sapiens"	"PROTEIN"	"2908; 4306"	"NR3C1; NR3C2"	"Glucocorticoid receptor agonist; Mineralocorticoid receptor antagonist"		"Duchenne muscular dystrophy"
"Birch triterpenes (Filsuvez)"	"BIRCH TRITERPENES"	"FILSUVEZ"	"BIRCH TRITERPENES"	"Mechanism unknown"	"CHEMBL4650246"	"exact"	"C0014527"	"Epidermolysis bullosa"	"Epidermolysis Bullosa"	"TRUE"	"Homo sapiens"	"UNKNOWN"					"Epidermolysis bullosa"
"Elacestrant (Orserdu)"	"ELACESTRANT"	"ORSERDU"	"ELACESTRANT"	"ER antagonist"	"CHEMBL4297509"	"exact"	"C2938924"	"er-positive breast cancer"	"Estrogen receptor positive breast cancer"	"TRUE"	"Homo sapiens"	"PROTEIN"	2099	"ESR1"	"Estrogen receptor alpha degrader"		"ER-positive, HER2-negative, ESR1-mutant breast cancer"
"Elacestrant (Orserdu)"	"ELACESTRANT"	"ORSERDU"	"ELACESTRANT"	"ER antagonist"	"CHEMBL4297509"	"exact"	"C4733095"	"her2-negative breast cancer"	"HER2 negative breast cancer"	"TRUE"	"Homo sapiens"	"PROTEIN"	2099	"ESR1"	"Estrogen receptor alpha degrader"		"ER-positive, HER2-negative, ESR1-mutant breast cancer"
"Elacestrant (Orserdu)"	"ELACESTRANT"	"ORSERDU"	"ELACESTRANT HYDROCHLORIDE"	"ER antagonist"	"CHEMBL4594273"	"child"	"C2938924"	"er-positive breast cancer"	"Estrogen receptor positive breast cancer"	"TRUE"	"Homo sapiens"	"PROTEIN"	2099	"ESR1"	"Estrogen receptor alpha degrader"		"ER-positive, HER2-negative, ESR1-mutant breast cancer"
"Elacestrant (Orserdu)"	"ELACESTRANT"	"ORSERDU"	"ELACESTRANT HYDROCHLORIDE"	"ER antagonist"	"CHEMBL4594273"	"child"	"C4733095"	"her2-negative breast cancer"	"HER2 negative breast cancer"	"TRUE"	"Homo sapiens"	"PROTEIN"	2099	"ESR1"	"Estrogen receptor alpha degrader"		"ER-positive, HER2-negative, ESR1-mutant breast cancer"
"Pegunigalsidase alfa (Elfabrio)"	"PEGUNIGALSIDASE ALFA"	"ELFABRIO"	"PEGUNIGALSIDASE ALFA"	"PEGylated recombinant α-galactosidase Α"	"CHEMBL4297801"	"exact"	"C0002986"	"Fabry disease"	"Fabry Disease"	"TRUE"	"Homo sapiens"	"CARBOHYDRATE"			"Globotriosylceramide hydrolytic enzyme"		"Fabry disease"
"Palovarotene (Sohonos)"	"PALOVAROTENE"	"SOHONOS"	"PALOVAROTENE"	"Retinoic acid receptor agonist"	"CHEMBL2105648"	"exact"	"C0016037"	"Fibrodysplasia ossificans progressiva"	"Fibrodysplasia Ossificans Progressiva"	"TRUE"	"Homo sapiens"	"PROTEIN"	5916	"RARG"	"Retinoic acid receptor gamma agonist"		"Fibrodysplasia ossificans progressiva"
"Omaveloxolone (Skyclarys)"	"OMAVELOXOLONE"	"SKYCLARYS"	"OMAVELOXOLONE"	"Mechanism unknown, NRF2 activator"	"CHEMBL4303525"	"exact"	"C0016719"	"friedreich ataxia"	"Friedreich Ataxia"	"TRUE"	"Homo sapiens"	"PROTEIN"	4780	"NFE2L2"	"Nuclear factor erythroid 2-related factor 2 activator"		"Friedrich’s ataxia"
"Avacincaptad pegol (Izervay)"	"AVACINCAPTAD PEGOL"	"IZERVAY"	"AVACINCAPTAD PEGOL SODIUM"	"C5-targeted aptamer"	"CHEMBL4297889"	"exact"	"C0242383"	"age related macular degeneration"	"Age related macular degeneration"	"FALSE"	"Homo sapiens"	"RNA"	727	"C5"	"RNA aptamer, a PEGylated oligonucleotide that binds to and inhibits complement protein C5"	"yes"	"Geographic atrophy secondary to AMD"
"Avacincaptad pegol (Izervay)"	"AVACINCAPTAD PEGOL"	"IZERVAY"	"AVACINCAPTAD PEGOL SODIUM"	"C5-targeted aptamer"	"CHEMBL4297889"	"exact"	"C1536085"	"geographic atrophy"	"Geographic Atrophy"	"FALSE"	"Homo sapiens"	"RNA"	727	"C5"	"RNA aptamer, a PEGylated oligonucleotide that binds to and inhibits complement protein C5"	"yes"	"Geographic atrophy secondary to AMD"
"Bexagliflozin (Brenzavvy)"	"BEXAGLIFLOZIN"	"BRENZAVVY"	"BEXAGLIFLOZIN"	"SGLT2 inhibitor"	"CHEMBL1808388"	"exact"	"C0011860"	"type 2 diabetes mellitus"	"Diabetes Mellitus, Non-Insulin-Dependent"	"TRUE"	"Homo sapiens"	"PROTEIN"	6524	"SLC5A2"	"Sodium/glucose cotransporter 2 inhibitor"		"Glycaemic control in type 2 diabetes mellitus"
"Somatrogon (Ngenla)"	"SOMATROGON"	"NGENLA"	"SOMATROGON"	"Human growth hormone analogue"	"CHEMBL4297830"	"exact"	"C0271561"	"Growth hormone deficiency"	"Somatotropin deficiency"	"TRUE"	"Homo sapiens"	"PROTEIN"	2690	"GHR"	"Growth hormone receptor agonist"		"Growth hormone deficiency"
"Motixafortide (Aphexda)"	"MOTIXAFORTIDE"	"APHEXDA"	"MOTIXAFORTIDE"	"CXCR4 inhibitor"	"CHEMBL5095030"	"exact"	"NA"	"haematopoietic stem cell mobilization for autologous transplantation in multiple myeloma"	"NA"		"Homo sapiens"	"PROTEIN"	7852	"CXCR4"	"C-X-C chemokine receptor type 4 antagonist"		"Haematopoietic stem cell mobilization for autologous transplantation in multiple myeloma"
"Eplontersen (Wainua)"	"EPLONTERSEN"	"WAINUA"	"EPLONTERSEN"	"TTR-targeted ASO"	"CHEMBL4594334"	"exact"	"C0152025"	"polyneuropathy"	"Polyneuropathy"	"FALSE"	"Homo sapiens"	"RNA"	7276	"TTR"	"Transthyretin antisense inhibitor"		"hATTR with polyneuropathy"
"Sotagliflozin (Inpefa)"	"SOTAGLIFLOZIN"	"INPEFA"	"SOTAGLIFLOZIN"	"SGLT1/2 inhibitor"	"CHEMBL3039507"	"exact"	"C0018801"	"Heart failure"	"Heart failure"	"TRUE"	"Homo sapiens"	"PROTEIN"	"6523; 6524"	"SLC5A1; SLC5A2"	"Sodium/glucose cotransporter 1 inhibitor; Sodium/glucose cotransporter 2 inhibitor"		"Heart failure"
"Sotagliflozin (Inpefa)"	"SOTAGLIFLOZIN"	"INPEFA"	"SOTAGLIFLOZIN"	"SGLT1/2 inhibitor"	"CHEMBL3039507"	"exact"	"C0018802"	"Heart failure"	"Congestive heart failure"	"TRUE"	"Homo sapiens"	"PROTEIN"	"6523; 6524"	"SLC5A1; SLC5A2"	"Sodium/glucose cotransporter 1 inhibitor; Sodium/glucose cotransporter 2 inhibitor"		"Heart failure"
"Sulbactam, durlobactam (Xacduro)"	"SULBACTAM"	"XACDURO"	"SULBACTAM SODIUM"	"β-lactam antibacterial plus a β-lactamase inhibitor"	"CHEMBL1200944"	"child"	"C4727977"	"hospital acquired bacterial pneumonia"	"Hospital acquired bacterial pneumonia"	"TRUE"	"Bacteria"	"PROTEIN"			"Bacterial beta-lactamase TEM inhibitor"		"Hospital-acquired and ventilator-associated bacterial pneumonia caused by susceptible ABC"
"Sulbactam, durlobactam (Xacduro)"	"SULBACTAM"	"XACDURO"	"SULBACTAM BENZATHINE"	"β-lactam antibacterial plus a β-lactamase inhibitor"	"CHEMBL3989650"	"child"	"C4727977"	"hospital acquired bacterial pneumonia"	"Hospital acquired bacterial pneumonia"	"TRUE"	"Bacteria"	"PROTEIN"			"Bacterial beta-lactamase TEM inhibitor"		"Hospital-acquired and ventilator-associated bacterial pneumonia caused by susceptible ABC"
"Sulbactam, durlobactam (Xacduro)"	"SULBACTAM"	"XACDURO"	"SULBACTAM"	"β-lactam antibacterial plus a β-lactamase inhibitor"	"CHEMBL403"	"exact"	"C4727977"	"hospital acquired bacterial pneumonia"	"Hospital acquired bacterial pneumonia"	"TRUE"	"Bacteria"	"PROTEIN"			"Bacterial beta-lactamase TEM inhibitor"		"Hospital-acquired and ventilator-associated bacterial pneumonia caused by susceptible ABC"
"Sulbactam, durlobactam (Xacduro)"	"DURLOBACTAM"	"XACDURO"	"DURLOBACTAM SODIUM"	"β-lactam antibacterial plus a β-lactamase inhibitor"	"CHEMBL4297378"	"child"	"C4727977"	"hospital acquired bacterial pneumonia"	"Hospital acquired bacterial pneumonia"	"TRUE"	"Acinetobacter baumannii"	"PROTEIN"			"Beta-lactamase inhibitor"		"Hospital-acquired and ventilator-associated bacterial pneumonia caused by susceptible ABC"
"Sulbactam, durlobactam (Xacduro)"	"DURLOBACTAM"	"XACDURO"	"DURLOBACTAM SODIUM"	"β-lactam antibacterial plus a β-lactamase inhibitor"	"CHEMBL4297378"	"child"	"C4727977"	"hospital acquired bacterial pneumonia"	"Hospital acquired bacterial pneumonia"	"TRUE"	"Acinetobacter calcoaceticus"	"PROTEIN"			"Beta-lactamase inhibitor"		"Hospital-acquired and ventilator-associated bacterial pneumonia caused by susceptible ABC"
"Sulbactam, durlobactam (Xacduro)"	"DURLOBACTAM"	"XACDURO"	"DURLOBACTAM SODIUM"	"β-lactam antibacterial plus a β-lactamase inhibitor"	"CHEMBL4297378"	"child"	"C4727977"	"hospital acquired bacterial pneumonia"	"Hospital acquired bacterial pneumonia"	"TRUE"	"Acinetobacter nosocomialis"	"PROTEIN"	64223974	"J4G44_RS13030"	"Beta-lactamase inhibitor"		"Hospital-acquired and ventilator-associated bacterial pneumonia caused by susceptible ABC"
"Sulbactam, durlobactam (Xacduro)"	"DURLOBACTAM"	"XACDURO"	"DURLOBACTAM SODIUM"	"β-lactam antibacterial plus a β-lactamase inhibitor"	"CHEMBL4297378"	"child"	"C4727977"	"hospital acquired bacterial pneumonia"	"Hospital acquired bacterial pneumonia"	"TRUE"	"Acinetobacter nosocomialis"	"PROTEIN"	64223974	"J4G44_RS13031"	"Beta-lactamase inhibitor"		"Hospital-acquired and ventilator-associated bacterial pneumonia caused by susceptible ABC"
"Sulbactam, durlobactam (Xacduro)"	"DURLOBACTAM"	"XACDURO"	"DURLOBACTAM SODIUM"	"β-lactam antibacterial plus a β-lactamase inhibitor"	"CHEMBL4297378"	"child"	"C4727977"	"hospital acquired bacterial pneumonia"	"Hospital acquired bacterial pneumonia"	"TRUE"	"Acinetobacter pittii"	"PROTEIN"	69562815	"J4G44_RS13032"	"Beta-lactamase inhibitor"		"Hospital-acquired and ventilator-associated bacterial pneumonia caused by susceptible ABC"
"Sulbactam, durlobactam (Xacduro)"	"DURLOBACTAM"	"XACDURO"	"DURLOBACTAM SODIUM"	"β-lactam antibacterial plus a β-lactamase inhibitor"	"CHEMBL4297378"	"child"	"C4727977"	"hospital acquired bacterial pneumonia"	"Hospital acquired bacterial pneumonia"	"TRUE"	"Acinetobacter pittii"	"PROTEIN"	69562815	"J4G44_RS13033"	"Beta-lactamase inhibitor"		"Hospital-acquired and ventilator-associated bacterial pneumonia caused by susceptible ABC"
"Sulbactam, durlobactam (Xacduro)"	"DURLOBACTAM"	"XACDURO"	"DURLOBACTAM"	"β-lactam antibacterial plus a β-lactamase inhibitor"	"CHEMBL4298137"	"exact"	"C4727977"	"hospital acquired bacterial pneumonia"	"Hospital acquired bacterial pneumonia"	"TRUE"	"Bacteria"	"PROTEIN"			"Beta-lactamase inhibitor"		"Hospital-acquired and ventilator-associated bacterial pneumonia caused by susceptible ABC"
"Fezolinetant (Veozah)"	"FEZOLINETANT"	"VEOZAH"	"FEZOLINETANT"	"Neurokinin 3 receptor antagonist"	"CHEMBL3608680"	"exact"	"C0025320"	"menopause"	"Menopause"	"TRUE"	"Homo sapiens"	"PROTEIN"	6870	"TACR3"	"Neurokinin 3 receptor antagonist"		"Hot flashes caused by menopause"
"Fezolinetant (Veozah)"	"FEZOLINETANT"	"VEOZAH"	"FEZOLINETANT"	"Neurokinin 3 receptor antagonist"	"CHEMBL3608680"	"exact"	"C0600142"	"hot flashes"	"Hot flushes"	"TRUE"	"Homo sapiens"	"PROTEIN"	6870	"TACR3"	"Neurokinin 3 receptor antagonist"		"Hot flashes caused by menopause"
"Taurolidine, heparin (Defencath)"	"HEPARIN"	"DEFENCATH"	"HEPARIN"	"Thiadiazinane antimicrobial plus an anticoagulant"	"CHEMBL1909300"	"exact"	"C2886794"	"catheter related bloodstream infection"	"Catheter related bloodstream infection"	"TRUE"	"Bacteria"	"CARBOHYDRATE"					"Incidence of catheter-related bloodstream infections"
"Taurolidine, heparin (Defencath)"	"TAUROLIDINE"	"DEFENCATH"	"TAUROLIDINE"	"Thiadiazinane antimicrobial plus an anticoagulant"	"CHEMBL2105420"	"exact"	"C2886794"	"catheter related bloodstream infection"	"Catheter related bloodstream infection"	"TRUE"	"Bacteria"	"CARBOHYDRATE"			"Cell wall disrupting agent"		"Incidence of catheter-related bloodstream infections"
"Taurolidine, heparin (Defencath)"	"HEPARIN"	"DEFENCATH"	"HEPARIN"	"Thiadiazinane antimicrobial plus an anticoagulant"	"CHEMBL4650299"	"exact"	"C2886794"	"catheter related bloodstream infection"	"Catheter related bloodstream infection"	"TRUE"	"Homo sapiens"	"PROTEIN"	462	"SERPINC1"	"Antithrombin-III activator"		"Incidence of catheter-related bloodstream infections"
"Taurolidine, heparin (Defencath)"	"HEPARIN"	"DEFENCATH"	"HEPARIN"	"Thiadiazinane antimicrobial plus an anticoagulant"	"CHEMBL4650299"	"exact"	"C0243026"	"catheter related bloodstream infection"	"Sepsis"	"FALSE"	"Homo sapiens"	"PROTEIN"	462	"SERPINC1"	"Antithrombin-III activator"		"Incidence of catheter-related bloodstream infections"
"Gepirone (Exxua)"	"GEPIRONE"	"EXXUA"	"GEPIRONE HYDROCHLORIDE"	"5HT1A receptor agonist"	"CHEMBL1204187"	"child"	"C0041696"	"Major depressive disorder"	"Unipolar Depression"	"TRUE"	"Homo sapiens"	"PROTEIN"	3350	"HTR1A"	"Serotonin 1a (5-HT1a) receptor agonist"		"Major depressive disorder"
"Gepirone (Exxua)"	"GEPIRONE"	"EXXUA"	"GEPIRONE HYDROCHLORIDE"	"5HT1A receptor agonist"	"CHEMBL1204187"	"child"	"C1269683"	"Major depressive disorder"	"Major Depressive Disorder"	"TRUE"	"Homo sapiens"	"PROTEIN"	3350	"HTR1A"	"Serotonin 1a (5-HT1a) receptor agonist"		"Major depressive disorder"
"Gepirone (Exxua)"	"GEPIRONE"	"EXXUA"	"GEPIRONE"	"5HT1A receptor agonist"	"CHEMBL284092"	"exact"	"C0041696"	"Major depressive disorder"	"Unipolar Depression"	"TRUE"	"Homo sapiens"	"PROTEIN"	3350	"HTR1A"	"Serotonin 1a (5-HT1a) receptor agonist"		"Major depressive disorder"
"Gepirone (Exxua)"	"GEPIRONE"	"EXXUA"	"GEPIRONE"	"5HT1A receptor agonist"	"CHEMBL284092"	"exact"	"C1269683"	"Major depressive disorder"	"Major Depressive Disorder"	"TRUE"	"Homo sapiens"	"PROTEIN"	3350	"HTR1A"	"Serotonin 1a (5-HT1a) receptor agonist"		"Major depressive disorder"
"Pirtobrutinib (Jaypirca)"	"PIRTOBRUTINIB"	"JAYPIRCA"	"PIRTOBRUTINIB"	"BTK inhibitor"	"CHEMBL4650485"	"exact"	"C4721414"	"Mantle cell lymphoma"	"Mantle cell lymphoma"	"TRUE"	"Homo sapiens"	"PROTEIN"	695	"BTK"	"Tyrosine-protein kinase BTK inhibitor"		"Mantle cell lymphoma"
"Retifanlimab (Zynyz)"	"RETIFANLIMAB"	"ZYNYZ"	"RETIFANLIMAB"	"PD1-targeted mAb"	"CHEMBL4298037"	"exact"	"C0007129"	"Merkel cell carcinoma"	"Merkel cell carcinoma"	"TRUE"	"Homo sapiens"	"PROTEIN"	5133	"PDCD1"	"Programmed cell death protein 1 antagonist"		"Merkel cell carcinoma"
"Zavegepant (Zavzpret)"	"ZAVEGEPANT"	"ZAVZPRET"	"ZAVEGEPANT"	"CGRP receptor antagonist"	"CHEMBL2397415"	"exact"	"C0149931"	"Migraine"	"Migraine Disorders"	"TRUE"	"Homo sapiens"	"PROTEIN"	"10267; 10203"	"RAMP1; CALCRL"	"Calcitonin-gene-related peptide receptor, CALCRL/RAMP1 antagonist"		"Migraine"
"Zavegepant (Zavzpret)"	"ZAVEGEPANT"	"ZAVZPRET"	"ZAVEGEPANT HYDROCHLORIDE"	"CGRP receptor antagonist"	"CHEMBL4650220"	"child"	"C0149931"	"Migraine"	"Migraine Disorders"	"TRUE"	"Homo sapiens"	"PROTEIN"	10203	"CALCRL"	"Calcitonin gene-related peptide type 1 receptor antagonist"		"Migraine"
"Nirmatrelvir, ritonavir (Paxlovid)"	"RITONAVIR"	"PAXLOVID"	"RITONAVIR"	"SARS-CoV-2 main protease inhibitor plus a CYP3A inhibitor"	"CHEMBL163"	"exact"	"C5203670"	"covid-19"	"COVID-19 Virus Disease"	"TRUE"	"Homo sapiens"	"PROTEIN"	"1551; 1577; 100861540; 64816; 1576"	"CYP3A7; CYP3A5; CYP3A7-CYP3A51P; CYP3A43; CYP3A4"	"Cytochrome P450 3A inhibitor"		"Mild-to-moderate COVID-19"
"Nirmatrelvir, ritonavir (Paxlovid)"	"RITONAVIR"	"PAXLOVID"	"RITONAVIR"	"SARS-CoV-2 main protease inhibitor plus a CYP3A inhibitor"	"CHEMBL163"	"exact"	"C5203670"	"covid-19"	"COVID-19 Virus Disease"	"TRUE"	"Human immunodeficiency virus 1"	"PROTEIN"			"Human immunodeficiency virus type 1 protease inhibitor"		"Mild-to-moderate COVID-19"
"Nirmatrelvir, ritonavir (Paxlovid)"	"NIRMATRELVIR"	"PAXLOVID"	"NIRMATRELVIR"	"SARS-CoV-2 main protease inhibitor plus a CYP3A inhibitor"	"CHEMBL4802135"	"exact"	"C5203670"	"covid-19"	"COVID-19 Virus Disease"	"TRUE"	"SARS coronavirus"	"PROTEIN"			"SARS coronavirus 3C-like proteinase inhibitor"		"Mild-to-moderate COVID-19"
"Elranatamab (Elrexfio)"	"ELRANATAMAB"	"ELREXFIO"	"ELRANATAMAB"	"BCMA × CD3 T-cell engager"	"CHEMBL4297809"	"exact"	"C0026764"	"Multiple myeloma"	"Multiple Myeloma"	"TRUE"	"Homo sapiens"	"PROTEIN"	"915; 916; 917; 608"	"CD3D; CD3E; CD3G; TNFRSF17"	"T cell surface glycoprotein CD3 binding agent; Tumor necrosis factor receptor superfamily member 17 binding agent"		"Multiple myeloma"
"Talquetamab (Talvey)"	"TALQUETAMAB"	"TALVEY"	"TALQUETAMAB"	"GPRC5D × CD3 T-cell engager"	"CHEMBL4594503"	"exact"	"C0026764"	"Multiple myeloma"	"Multiple Myeloma"	"TRUE"	"Homo sapiens"	"PROTEIN"	"915; 916; 917; 55507"	"CD3D; CD3E; CD3G; GPRC5D"	"T cell surface glycoprotein CD3 binding agent; G-protein coupled receptor family C group 5 member D binding agent"		"Multiple myeloma"
"Momelotinib (Ojjaara)"	"MOMELOTINIB"	"OJJAARA"	"MOMELOTINIB"	"JAK1/2, ALK2 inhibitor"	"CHEMBL1078178"	"exact"	"C0001815"	"myelofibrosis"	"Primary Myelofibrosis"	"TRUE"	"Homo sapiens"	"PROTEIN"	"3716; 3717"	"JAK1; JAK2"	"Tyrosine-protein kinase JAK1 inhibitor; Tyrosine-protein kinase JAK2 inhibitor"		"Myelofibrosis in adults with anaemia"
"Momelotinib (Ojjaara)"	"MOMELOTINIB"	"OJJAARA"	"MOMELOTINIB"	"JAK1/2, ALK2 inhibitor"	"CHEMBL1078178"	"exact"	"C0026987"	"myelofibrosis"	"Myelofibrosis"	"TRUE"	"Homo sapiens"	"PROTEIN"	"3716; 3717"	"JAK1; JAK2"	"Tyrosine-protein kinase JAK1 inhibitor; Tyrosine-protein kinase JAK2 inhibitor"		"Myelofibrosis in adults with anaemia"
"Momelotinib (Ojjaara)"	"MOMELOTINIB"	"OJJAARA"	"MOMELOTINIB DIHYDROCHLORIDE"	"JAK1/2, ALK2 inhibitor"	"CHEMBL2219411"	"child"	"C0001815"	"myelofibrosis"	"Primary Myelofibrosis"	"TRUE"	"Homo sapiens"	"PROTEIN"	"3716; 3717"	"JAK1; JAK2"	"Tyrosine-protein kinase JAK1 inhibitor; Tyrosine-protein kinase JAK2 inhibitor"		"Myelofibrosis in adults with anaemia"
"Momelotinib (Ojjaara)"	"MOMELOTINIB"	"OJJAARA"	"MOMELOTINIB DIHYDROCHLORIDE"	"JAK1/2, ALK2 inhibitor"	"CHEMBL2219411"	"child"	"C0026987"	"myelofibrosis"	"Myelofibrosis"	"TRUE"	"Homo sapiens"	"PROTEIN"	"3716; 3717"	"JAK1; JAK2"	"Tyrosine-protein kinase JAK1 inhibitor; Tyrosine-protein kinase JAK2 inhibitor"		"Myelofibrosis in adults with anaemia"
"Toripalimab (Loqtorzi)"	"TORIPALIMAB"	"LOQTORZI"	"TORIPALIMAB"	"PD1-targeted mAb"	"CHEMBL4297843"	"exact"	"C2931822"	"Nasopharyngeal carcinoma"	"Nasopharyngeal carcinoma"	"TRUE"	"Homo sapiens"	"PROTEIN"	5133	"PDCD1"	"Programmed cell death protein 1 antagonist"		"Nasopharyngeal carcinoma"
"Efbemalenograstim alfa (Ryzneuta)"	"EFBEMALENOGRASTIM ALFA"	"RYZNEUTA"	"BENEGRASTIM"	"Recombinant leukocyte growth factor"	"CHEMBL4297950"	"exact"	"C0027947"	"Neutropenia"	"Neutropenia"	"TRUE"	"Homo sapiens"	"PROTEIN"	1441	"CSF3R"	"Granulocyte colony stimulating factor receptor agonist"		"Neutropenia"
"Efbemalenograstim alfa (Ryzneuta)"	"EFBEMALENOGRASTIM ALFA"	"RYZNEUTA"	"BENEGRASTIM"	"Recombinant leukocyte growth factor"	"CHEMBL4297950"	"exact"	"C0853697"	"Neutropenia"	"Neutrophil count decreased"	"TRUE"	"Homo sapiens"	"PROTEIN"	1441	"CSF3R"	"Granulocyte colony stimulating factor receptor agonist"		"Neutropenia"
"Velmanase alfa (Lamzede)"	"VELMANASE ALFA"	"LAMZEDE"	"VELMANASE ALFA"	"Recombinant α-mannosidase"	"CHEMBL4298010"	"exact"	"C0024748"	"alpha-mannosidosis"	"alpha-Mannosidosis"	"FALSE"	"Homo sapiens"	"CARBOHYDRATE"	"4124; 4125"	"MAN2A1; MAN2B1"	"High mannose oligosaccharides hydrolytic enzyme"	"yes"	"Non-CNS manifestations of α-mannosidosis"
"Iptacopan (Fabhalta)"	"IPTACOPAN"	"FABHALTA"	"IPTACOPAN"	"Complement factor B inhibitor"	"CHEMBL4594448"	"exact"	"C0024790"	"Paroxysmal nocturnal haemoglobinuria"	"Paroxysmal nocturnal hemoglobinuria"	"TRUE"	"Homo sapiens"	"PROTEIN"	629	"CFB"	"Complement factor B inhibitor"		"Paroxysmal nocturnal haemoglobinuria"
"Iptacopan (Fabhalta)"	"IPTACOPAN"	"FABHALTA"	"IPTACOPAN"	"Complement factor B inhibitor"	"CHEMBL4643495"	"child"	"C0024790"	"Paroxysmal nocturnal haemoglobinuria"	"Paroxysmal nocturnal hemoglobinuria"	"TRUE"	"Homo sapiens"	"PROTEIN"	629	"CFB"	"Complement factor B inhibitor"		"Paroxysmal nocturnal haemoglobinuria"
"Iptacopan (Fabhalta)"	"IPTACOPAN"	"FABHALTA"	"IPTACOPAN HYDROCHLORIDE"	"Complement factor B inhibitor"	"CHEMBL5095401"	"child"	"C0024790"	"Paroxysmal nocturnal haemoglobinuria"	"Paroxysmal nocturnal hemoglobinuria"	"TRUE"	"Homo sapiens"	"PROTEIN"	629	"CFB"	"Complement factor B inhibitor"		"Paroxysmal nocturnal haemoglobinuria"
"Flotufolastat F18 (Posluma)"	"FLOTUFOLASTAT F18"	"POSLUMA"	"FLOTUFOLASTAT F 18"	"Radioactive diagnostic agent"	"CHEMBL5314558"	"exact"	"C0376358"	"prostate cancer"	"Malignant neoplasm of prostate"	"TRUE"	"Homo sapiens"	"PROTEIN"	2346	"FOLH1"	"Diagnostic agent"	"yes"	"PET imaging in prostate cancer"
"Flotufolastat F18 (Posluma)"	"FLOTUFOLASTAT F18"	"POSLUMA"	"FLOTUFOLASTAT F 18"	"Radioactive diagnostic agent"	"CHEMBL5314558"	"exact"	"C0600139"	"prostate cancer"	"Prostate carcinoma"	"TRUE"	"Homo sapiens"	"PROTEIN"	2346	"FOLH1"	"Diagnostic agent"	"yes"	"PET imaging in prostate cancer"
"Flotufolastat F18 (Posluma)"	"FLOTUFOLASTAT F18"	"POSLUMA"	"FLOTUFOLASTAT F 18 GALLIUM"	"Radioactive diagnostic agent"	"CHEMBL5314559"	"exact"	"C0376358"	"prostate cancer"	"Malignant neoplasm of prostate"	"TRUE"	"Homo sapiens"	"PROTEIN"	2346	"FOLH1"	"Diagnostic agent"	"yes"	"PET imaging in prostate cancer"
"Flotufolastat F18 (Posluma)"	"FLOTUFOLASTAT F18"	"POSLUMA"	"FLOTUFOLASTAT F 18 GALLIUM"	"Radioactive diagnostic agent"	"CHEMBL5314559"	"exact"	"C0600139"	"prostate cancer"	"Prostate carcinoma"	"TRUE"	"Homo sapiens"	"PROTEIN"	2346	"FOLH1"	"Diagnostic agent"	"yes"	"PET imaging in prostate cancer"
"Flotufolastat F18 (Posluma)"	"FLOTUFOLASTAT F18"	"POSLUMA"	"FLOTUFOLASTAT"	"Radioactive diagnostic agent"	"CHEMBL5316155"	"parent"	"C0376358"	"prostate cancer"	"Malignant neoplasm of prostate"	"TRUE"	"Homo sapiens"	"PROTEIN"	2346	"FOLH1"	"Diagnostic agent"	"yes"	"PET imaging in prostate cancer"
"Flotufolastat F18 (Posluma)"	"FLOTUFOLASTAT F18"	"POSLUMA"	"FLOTUFOLASTAT"	"Radioactive diagnostic agent"	"CHEMBL5316155"	"parent"	"C0600139"	"prostate cancer"	"Prostate carcinoma"	"TRUE"	"Homo sapiens"	"PROTEIN"	2346	"FOLH1"	"Diagnostic agent"	"yes"	"PET imaging in prostate cancer"
"Flotufolastat F18 (Posluma)"	"FLOTUFOLASTAT F18"	"POSLUMA"	"FLOTUFOLASTAT GALLIUM"	"Radioactive diagnostic agent"	"CHEMBL5316156"	"parent"	"C0376358"	"prostate cancer"	"Malignant neoplasm of prostate"	"TRUE"	"Homo sapiens"	"PROTEIN"	2346	"FOLH1"	"Diagnostic agent"	"yes"	"PET imaging in prostate cancer"
"Flotufolastat F18 (Posluma)"	"FLOTUFOLASTAT F18"	"POSLUMA"	"FLOTUFOLASTAT GALLIUM"	"Radioactive diagnostic agent"	"CHEMBL5316156"	"parent"	"C0600139"	"prostate cancer"	"Prostate carcinoma"	"TRUE"	"Homo sapiens"	"PROTEIN"	2346	"FOLH1"	"Diagnostic agent"	"yes"	"PET imaging in prostate cancer"
"Bimekizumab (Bimzelx)"	"BIMEKIZUMAB"	"BIMZELX"	"BIMEKIZUMAB"	"IL-17A/F-targeted mAb"	"CHEMBL4297700"	"exact"	"C0406317"	"Plaque psoriasis"	"Chronic small plaque psoriasis"	"TRUE"	"Homo sapiens"	"PROTEIN"	"3605; 112744"	"IL17A; IL17F"	"Interleukin 17A inhibitor; Interleukin-17F inhibitor"		"Plaque psoriasis"
"Cipaglucosidase alfa (Pombiliti)"	"CIPAGLUCOSIDASE ALFA"	"POMBILITI"	"CIPAGLUCOSIDASE ALFA"	"Recombinant α-glucosidase"	"CHEMBL4594329"	"exact"	"C0017921"	"Pompe disease"	"Glycogen storage disease type II"	"TRUE"	"Homo sapiens"	"PROTEIN"	3482	"IGF2R"	"Glycogen hydrolytic enzyme"	"yes"	"Pompe disease"
"Zuranolone (Zurzuvae)"	"ZURANOLONE"	"ZURZUVAE"	"ZURANOLONE"	"GABAA receptor PAM"	"CHEMBL4105630"	"exact"	"C0221074"	"Postpartum depression"	"Depression, Postpartum"	"TRUE"	"Homo sapiens"	"PROTEIN"	"2556; 2558; 2555; 2562; 2561; 2563; 2566; 2565; 2554; 2564; 2557; 2568; 2560; 2567; 55879; 2559"	"GABRA3; GABRA5; GABRA2; GABRB3; GABRB2; GABRD; GABRG2; GABRG1; GABRA1; GABRE; GABRA4; GABRP; GABRB1; GABRG3; GABRQ; GABRA6"	"GABA-A receptor; anion channel positive allosteric modulator"		"Postpartum depression"
"Nedosiran (Rivfloza)"	"NEDOSIRAN"	"RIVFLOZA"	"NEDOSIRAN SODIUM"	"LDHA-targeted siRNA"	"CHEMBL4594338"	"child"	"C0268164"	"Primary hyperoxaluria type 1"	"Primary hyperoxaluria, type I"	"TRUE"	"Homo sapiens"	"RNA"	3939	"LDHA"	"L-lactate dehydrogenase A chain mRNA RNAi inhibitor"	"yes"	"Primary hyperoxaluria type 1"
"Nedosiran (Rivfloza)"	"NEDOSIRAN"	"RIVFLOZA"	"NEDOSIRAN"	"LDHA-targeted siRNA"	"CHEMBL4650244"	"exact"	"C0268164"	"Primary hyperoxaluria type 1"	"Primary hyperoxaluria, type I"	"TRUE"	"Homo sapiens"	"RNA"	3939	"LDHA"	"L-lactate dehydrogenase A chain mRNA RNAi inhibitor"	"yes"	"Primary hyperoxaluria type 1"
"Nedosiran (Rivfloza)"	"NEDOSIRAN"	"RIVFLOZA"	"NEDOSIRAN SODIUM"	"LDHA-targeted siRNA"	"CHEMBL4594338"	"child"	"C0020501"	"Primary hyperoxaluria type 1"	"Primary Hyperoxaluria"	"FALSE"	"Homo sapiens"	"RNA"	3939	"LDHA"	"L-lactate dehydrogenase A chain mRNA RNAi inhibitor"	"yes"	"Primary hyperoxaluria type 1"
"Nedosiran (Rivfloza)"	"NEDOSIRAN"	"RIVFLOZA"	"NEDOSIRAN"	"LDHA-targeted siRNA"	"CHEMBL4650244"	"exact"	"C0020501"	"Primary hyperoxaluria type 1"	"Primary Hyperoxaluria"	"FALSE"	"Homo sapiens"	"RNA"	3939	"LDHA"	"L-lactate dehydrogenase A chain mRNA RNAi inhibitor"	"yes"	"Primary hyperoxaluria type 1"
"Sparsentan (Filspari)"	"SPARSENTAN"	"FILSPARI"	"SPARSENTAN"	"Endothelin and angiotensin II receptor antagonist"	"CHEMBL539423"	"exact"	"C0033687"	"proteinuria"	"Proteinuria"	"FALSE"	"Homo sapiens"	"PROTEIN"	"185; 1909"	"AGTR1; EDNRA"	"Type-1 angiotensin II receptor antagonist; Endothelin receptor ET-A antagonist"		"Proteinuria in primary IgA nephropathy"
"Sparsentan (Filspari)"	"SPARSENTAN"	"FILSPARI"	"SPARSENTAN"	"Endothelin and angiotensin II receptor antagonist"	"CHEMBL539423"	"exact"	"C3161650"	"primary iga nephropathy"	"Primary immunoglobulin A nephropathy (disorder)"	"FALSE"	"Homo sapiens"	"PROTEIN"	"185; 1909"	"AGTR1; EDNRA"	"Type-1 angiotensin II receptor antagonist; Endothelin receptor ET-A antagonist"		"Proteinuria in primary IgA nephropathy"
"Trofinetide (Daybue)"	"TROFINETIDE"	"DAYBUE"	"TROFINETIDE"	"Mechanism unknown"	"CHEMBL197084"	"exact"	"C0035372"	"Rett syndrome"	"Rett Syndrome"	"TRUE"	"Homo sapiens"		3479	"IGF1"	"Unknown"	"yes"	"Rett syndrome"
"Repotrectinib (Augtyro)"	"REPOTRECTINIB"	"AUGTYRO"	"REPOTRECTINIB"	"ROS1 and TRK kinase inhibitor"	"CHEMBL4298138"	"exact"	"C4302554"	"reactive oxygen species 1 positive non-small cell lung cancer"	"Reactive oxygen species 1 positive non-small cell lung cancer"	"TRUE"	"Homo sapiens"	"PROTEIN"	"4914; 4915; 6098; 4916; 972; 6385"	"NTRK1; NTRK2; ROS1; NTRK3; CD74; SDC4"	"Nerve growth factor receptor Trk-A inhibitor; Neurotrophic tyrosine kinase receptor type 2 inhibitor; Proto-oncogene tyrosine-protein kinase ROS inhibitor; NT-3 growth factor receptor inhibitor; CD74-ROS1 inhibitor; ROS1-SDC4 inhibitor"		"ROS1-positive NSCLC"
"Repotrectinib (Augtyro)"	"REPOTRECTINIB"	"AUGTYRO"	"REPOTRECTINIB"	"ROS1 and TRK kinase inhibitor"	"CHEMBL4298138"	"exact"	"C0007131"	"reactive oxygen species 1 positive non-small cell lung cancer"	"Non-Small Cell Lung Carcinoma"	"FALSE"	"Homo sapiens"	"PROTEIN"	"4914; 4915; 6098; 4916; 972; 6385"	"NTRK1; NTRK2; ROS1; NTRK3; CD74; SDC4"	"Nerve growth factor receptor Trk-A inhibitor; Neurotrophic tyrosine kinase receptor type 2 inhibitor; Proto-oncogene tyrosine-protein kinase ROS inhibitor; NT-3 growth factor receptor inhibitor; CD74-ROS1 inhibitor; ROS1-SDC4 inhibitor"		"ROS1-positive NSCLC"
"Nirsevimab (Beyfortus)"	"NIRSEVIMAB"	"BEYFORTUS"	"NIRSEVIMAB"	"RSV F protein-targeted mAb"	"CHEMBL4297575"	"exact"	"C0035235"	"respiratory syncytial virus infections"	"Respiratory Syncytial Virus Infections"	"FALSE"	"Human respiratory syncytial virus"	"PROTEIN"			"Fusion glycoprotein F0 inhibitor"		"RSV lower respiratory tract disease"
"Nirsevimab (Beyfortus)"	"NIRSEVIMAB"	"BEYFORTUS"	"NIRSEVIMAB"	"RSV F protein-targeted mAb"	"CHEMBL4297575"	"exact"	"C0149725"	"lower respiratory tract infection"	"Lower respiratory tract infection"	"FALSE"	"Human respiratory syncytial virus"	"PROTEIN"			"Fusion glycoprotein F0 inhibitor"		"RSV lower respiratory tract disease"
"Tofersen (Qalsody)"	"TOFERSEN"	"QALSODY"	"TOFERSEN"	"SOD1-targeted ASO"	"CHEMBL3833346"	"exact"	"C0002736"	"amyotrophic lateral sclerosis"	"Amyotrophic Lateral Sclerosis"	"FALSE"	"Homo sapiens"	"RNA"	6647	"SOD1"	"SOD1 mRNA inhibitor"		"SOD1 amyotrophic lateral sclerosis"
"Etrasimod (Velsipity)"	"ETRASIMOD"	"VELSIPITY"	"ETRASIMOD"	"S1P receptor modulator"	"CHEMBL3358920"	"exact"	"C0009324"	"Ulcerative colitis"	"Ulcerative Colitis"	"TRUE"	"Homo sapiens"	"PROTEIN"	1901	"S1PR1"	"Sphingosine 1-phosphate receptor Edg-1 agonist"		"Ulcerative colitis"
"Etrasimod (Velsipity)"	"ETRASIMOD"	"VELSIPITY"	"ETRASIMOD ARGININE"	"S1P receptor modulator"	"CHEMBL3989933"	"child"	"C0009324"	"Ulcerative colitis"	"Ulcerative Colitis"	"TRUE"	"Homo sapiens"	"PROTEIN"	"8698; 1901; 53637"	"S1PR4; S1PR1; S1PR5"	"Sphingosine 1-phosphate receptor Edg-6 modulator; Sphingosine 1-phosphate receptor Edg-1 modulator; Sphingosine 1-phosphate receptor Edg-8 modulator"		"Ulcerative colitis"
"Mirikizumab (Omvoh)"	"MIRIKIZUMAB"	"OMVOH"	"MIRIKIZUMAB"	"IL-23-targeted mAb"	"CHEMBL3990014"	"exact"	"C0009324"	"Ulcerative colitis"	"Ulcerative Colitis"	"TRUE"	"Homo sapiens"	"PROTEIN"	"51561; 3593"	"IL23A; IL12B"	"Interleukin-23 inhibitor"		"Ulcerative colitis"
